No.,Character Name,Death,Mention Count,Mention Length,Mention Frequency,Avg. Positive Sentiment,Avg. Negative Sentiment,Gender,Weapon,Longevity,Killer,Married,Nobility,Battle Winner,Gender2,Popularity,Gender1,TFIDF
1,Addam Marbrand,0,15,28,0.535714286,0.87647436,0.12352564,1,0,0,1,1,1,1,0,0,1,0
2,Aegon Targaryen,0,16,21,0.761904762,0.625478426,0.374521574,1,0,0,0,0,0,1,1,1,1,0
3,Aemon Costayne,0,0,0,0,0.5,0.5,1,0,0,0,0,1,0,0,1,1,0
4,Aemon Targaryen (son of Maekar I),1,102,163,0.625766871,0.813706632,0.186293368,1,0,0,0,0,1,0,1,1,1,0
5,Aeron Greyjoy,0,51,81,0.62962963,0.66125724,0.33874276,1,0,0,0,0,1,1,1,1,1,0
6,Aggar,1,5,9,0.555555556,0.552869017,0.447130983,1,0,0,0,0,0,1,1,0,1,0.88
7,Alan of Rosby,1,0,0,0,0.5,0.5,1,0,0,0,0,0,1,1,1,1,0
8,Albar Royce,0,0,0,0,0.5,0.5,1,0,0,0,0,1,1,0,1,1,0
9,Alebelly,1,0,0,0,0.5,0.5,1,0,0,0,1,1,1,0,0,1,0.54
10,Alesander Staedmon,0,0,0,0,0.5,0.5,1,0,0,0,0,1,0,0,0,1,0
11,Alia of Braavos,0,0,0,0,0.5,0.5,1,0,0,0,0,1,0,1,1,0,0
12,Allard Seaworth,1,0,0,0,0.5,0.5,1,0,0,0,0,1,0,0,1,1,0
13,Alyn,1,0,0,0,0.5,0.5,1,0,0,1,0,1,1,0,0,1,0.29
14,Alyn Estermont,0,0,0,0,0.5,0.5,1,0,0,0,0,1,0,1,0,1,0
15,Alys Karstark,0,28,62,0.451612903,0.829583297,0.170416703,0,0,0,1,0,1,1,0,1,0,0
16,Alyx Frey,0,0,0,0,0.5,0.5,1,0,0,1,0,1,0,0,1,1,0
17,Amory Lorch,1,17,56,0.303571429,0.679341007,0.320658993,1,0,0,0,1,1,1,1,1,1,0
18,Andrew Estermont,0,0,0,0,0.5,0.5,1,0,0,0,0,1,1,1,0,1,0
19,Andrik,0,0,0,0,0.5,0.5,1,0,0,0,0,1,1,0,0,1,0.24
20,Antario Jast,0,0,0,0,0.5,0.5,1,0,0,0,0,1,1,0,0,1,0
21,Anya Waynwood,0,11,21,0.523809524,0.851149403,0.148850597,1,0,0,0,0,1,1,0,0,0,0
22,Ardrian Celtigar,0,0,0,0,0.5,0.5,1,0,0,0,0,1,1,0,0,1,0
23,Arianne Martell,0,0,0,0,0.5,0.5,1,0,0,1,0,0,1,1,1,0,0
24,Arnolf Karstark,0,0,0,0,0.5,0.5,1,0,0,0,0,1,1,0,1,1,0
25,Arron,0,0,0,0,0.5,0.5,1,0,0,0,0,0,1,0,0,1,0
26,Arryk (Guard),0,7,12,0.583333333,0.700900078,0.299099922,1,0,0,0,0,0,1,0,0,1,0
27,Arthor Karstark,0,0,0,0,0.5,0.5,1,0,0,0,0,1,1,0,1,1,0
28,Arwyn Oakheart,0,0,0,0,0.5,0.5,1,0,0,0,0,1,0,1,0,0,0
29,Arys Oakheart,1,13,21,0.619047619,0.791168884,0.208831116,1,0,0,0,0,0,1,1,1,1,0
30,Aurane Waters,0,0,0,0,0.5,0.5,1,0,0,0,1,0,1,1,0,1,0
31,Azzak,0,0,0,0,0.5,0.5,1,0,0,0,0,1,1,0,0,1,0
32,Balon Swann,0,28,59,0.474576271,0.752012406,0.247987594,1,0,0,0,0,0,1,1,1,1,0
33,Barbrey Dustin,0,6,43,0.139534884,0.795279224,0.204720776,1,0,0,0,0,1,1,0,1,0,0
34,Barristan Selmy,0,156,268,0.582089552,0.765898217,0.234101783,1,0,0,0,0,1,1,1,1,1,0
35,Barth (brewer),0,13,20,0.65,0.806471849,0.193528151,1,0,0,0,0,1,1,0,0,1,0
36,Bayard Norcross,0,0,0,0,0.5,0.5,1,0,0,0,0,1,0,0,0,1,0
37,Becca,0,0,0,0,0.5,0.5,1,0,0,0,0,0,0,0,0,0,0.26
38,Bedwyck,0,0,0,0,0.5,0.5,1,0,0,0,0,1,1,0,0,1,0.3
39,Bella,0,0,0,0,0.5,0.5,1,0,0,0,0,0,0,0,0,0,0.96
40,Bellonara Otherys,0,0,0,0,0.5,0.5,1,0,0,0,0,1,0,0,0,0,0
41,Ben,0,0,0,0,0.5,0.5,1,0,0,1,1,1,1,0,1,1,1.8
42,Ben Plumm,0,0,0,0,0.5,0.5,1,0,0,0,0,1,0,0,1,1,0
43,Benfred Tallhart,1,0,0,0,0.5,0.5,1,0,0,0,0,1,0,1,1,1,0
44,Benjen Stark,1,54,110,0.490909091,0.719342026,0.280657974,1,0,0,0,0,1,0,0,1,1,0
45,Beric Dondarrion,1,80,148,0.540540541,0.770485014,0.229514986,1,0,0,0,1,1,1,0,1,1,0
46,Beth Cassel,0,0,0,0,0.5,0.5,1,0,0,0,0,0,1,0,1,0,0
47,Big Boil,0,0,0,0,0.5,0.5,1,0,0,0,0,1,1,0,0,1,0
48,Biter,1,23,55,0.418181818,0.757372588,0.242627412,1,0,0,0,1,1,1,0,1,1,0.69
49,Black Walder Frey,0,56,83,0.674698795,0.791406556,0.208593444,1,0,0,0,0,1,1,0,1,1,0
50,Bloodbeard,0,0,0,0,0.5,0.5,1,0,0,0,0,0,1,0,0,1,0.09
51,Bonifer Hasty,0,0,0,0,0.5,0.5,1,0,0,0,0,1,0,0,0,1,0
52,Boremund Harlaw,0,0,0,0,0.5,0.5,1,0,0,0,0,1,0,1,0,1,0
53,Borroq,0,0,0,0,0.5,0.5,1,0,0,0,0,0,1,0,0,1,0.46
54,Bran Stark,0,267,408,0.654411765,0.606901884,0.393098116,1,0,0,0,0,1,1,1,1,1,0
55,Brenett,0,0,0,0,0.5,0.5,1,0,0,0,0,0,0,0,0,1,0.19
56,Bronn,0,240,343,0.699708455,0.703290024,0.296709976,1,0,0,1,1,1,1,0,1,1,0.34
57,Brusco,0,10,16,0.625,0.56552956,0.43447044,1,0,0,0,0,1,0,0,0,1,1.57
58,Bryce Caron,1,0,0,0,0.5,0.5,1,0,0,0,0,0,1,1,0,1,0
59,Bryen Farring,1,0,0,0,0.5,0.5,1,0,0,0,0,1,0,0,0,1,0
60,Brynden Tully,0,68,127,0.535433071,0.725110522,0.274889478,1,0,0,0,0,0,1,0,1,1,0
61,Butterbumps,0,0,0,0,0.5,0.5,1,0,0,1,0,0,1,0,0,1,0
62,Byan Votyris,0,0,0,0,0.5,0.5,1,0,0,0,0,1,0,0,0,1,0
63,Cadwyn,0,0,0,0,0.5,0.5,1,0,0,0,0,1,0,0,0,1,0
64,Catelyn Tully,1,187,383,0.488250653,0.73558789,0.26441211,1,0,0,1,0,1,1,0,1,0,0
65,Cellador,0,0,0,0,0.5,0.5,1,0,0,0,1,1,1,0,0,1,0.07
66,Cersei Lannister,0,471,782,0.60230179,0.726414857,0.273585143,1,0,0,0,0,0,1,0,1,0,0
67,Chayle,1,0,0,0,0.5,0.5,1,0,0,0,1,1,1,0,0,1,0.54
68,Chett,1,0,0,0,0.5,0.5,1,0,0,0,1,1,1,0,0,1,0.16
69,Chiswyck,1,0,0,0,0.5,0.5,1,0,0,0,1,1,1,0,0,1,0.1
70,Clement Piper,0,0,0,0,0.5,0.5,1,0,0,0,0,1,0,1,0,1,0
71,Cley Cerwyn,1,16,29,0.551724138,0.79599679,0.20400321,1,0,0,0,0,0,1,1,1,1,0
72,Clydas,0,6,12,0.5,0.85254844,0.14745156,1,0,0,0,1,1,1,1,0,1,1.18
73,Coldhands,0,0,0,0,0.5,0.5,1,0,0,0,1,1,1,0,0,1,0.29
74,Colen of Greenpools,0,3,9,0.333333333,0.842777096,0.157222904,1,0,0,0,1,1,1,1,1,1,0
75,Conwy,0,0,0,0,0.5,0.5,1,0,0,0,0,1,1,0,0,1,0.33
76,Cortnay Penrose,1,0,0,0,0.5,0.5,1,0,0,0,1,1,1,0,0,1,0
77,Cragorn,1,3,6,0.5,0.594984458,0.405015542,1,0,0,0,0,1,0,1,0,1,0.5
78,Cregan Karstark,0,0,0,0,0.5,0.5,1,0,0,0,0,1,0,0,1,1,0
79,Cressen,1,24,39,0.615384615,0.645638974,0.354361026,1,0,0,0,1,1,1,1,1,1,0.32
80,Cutjack,0,0,0,0,0.5,0.5,1,0,0,0,0,0,0,0,0,1,0.22
81,Dacey Mormont,1,0,0,0,0.5,0.5,1,0,0,0,0,1,1,0,1,0,0
82,Daenerys Targaryen,0,526,991,0.530776993,0.723820593,0.276179407,0,0,0,1,1,1,1,1,1,0,0
83,Dagmer,0,42,72,0.583333333,0.734811256,0.265188744,1,0,0,0,1,1,1,0,1,1,0.62
84,Dale Seaworth,1,0,0,0,0.5,0.5,1,0,0,0,0,1,0,0,1,1,0
85,Dalla (Dragonstone),0,0,0,0,0.5,0.5,1,0,0,0,0,1,0,0,0,0,0
86,Damon Vypren,0,0,0,0,0.5,0.5,1,0,0,0,0,1,0,1,0,1,0
87,Danwell Frey,0,0,0,0,0.5,0.5,1,0,0,0,0,1,1,0,1,1,0
88,Daryn Hornwood,1,0,0,0,0.5,0.5,1,0,0,1,1,1,1,1,1,1,0
89,Davos Seaworth,0,252,409,0.616136919,0.752792556,0.247207444,1,0,0,0,1,1,1,1,1,1,0
90,Delp,1,0,0,0,0.5,0.5,1,0,0,0,1,1,0,0,0,1,0
91,Denys Mallister,0,13,30,0.433333333,0.684000444,0.315999556,1,0,0,0,1,0,1,0,1,1,0
92,Desmond,1,0,0,0,0.5,0.5,1,0,0,0,1,0,1,1,0,1,1.41
93,Devan Seaworth,0,0,0,0,0.5,0.5,1,0,0,0,0,1,1,0,1,1,0
94,Dhazzar,0,0,0,0,0.5,0.5,1,0,0,0,0,0,0,0,0,1,0
95,Dick Follard,1,0,0,0,0.5,0.5,1,0,0,0,0,1,1,1,1,1,0
96,Dirk,1,48,81,0.592592593,0.601267156,0.398732844,1,0,0,0,0,1,1,0,0,1,0.12
97,Donal Noye,1,0,0,0,0.5,0.5,1,0,0,0,1,1,1,0,0,1,0
98,Donnel Drumm,0,0,0,0,0.5,0.5,1,0,0,0,0,1,0,0,0,1,0
99,Donnel Hill,0,9,18,0.5,0.811335712,0.188664288,1,0,0,0,0,0,1,0,1,1,0
100,Donnel Waynwood,0,13,18,0.722222222,0.683607182,0.316392818,1,0,0,0,0,0,0,0,0,1,0
101,Dontos Hollard,1,41,69,0.594202899,0.710725338,0.289274662,1,0,0,0,0,0,1,0,1,1,0
102,Doran Martell,0,99,193,0.512953368,0.768570588,0.231429412,1,0,0,1,1,1,1,1,1,1,0
103,Dornish Dilly,1,0,0,0,0.5,0.5,1,0,0,0,0,1,0,1,1,1,0
104,Drennan,1,12,20,0.6,0.580340587,0.419659413,1,0,0,0,1,0,0,1,0,1,0.59
105,Dudley,1,0,0,0,0.5,0.5,1,0,0,0,0,1,0,0,0,1,0.26
106,Dunstan Drumm,0,0,0,0,0.5,0.5,1,0,0,0,0,1,0,1,0,1,0
107,Dykk Harlaw,1,0,0,0,0.5,0.5,1,0,0,0,0,1,0,1,0,1,0
108,Easy,1,0,0,0,0.5,0.5,1,0,0,0,0,1,1,0,0,1,0.15
109,Eddard Karstark,1,0,0,0,0.5,0.5,1,0,0,0,0,1,0,0,1,1,0
110,Eddison Tollett,0,5,186,0.02688172,0.549776715,0.450223285,1,0,0,0,0,1,0,1,1,1,0
111,Edric Dayne,0,0,0,0,0.5,0.5,1,0,0,0,0,1,1,1,1,1,0
112,Edwyn Frey,0,0,0,0,0.5,0.5,1,0,0,0,0,0,0,0,1,1,0
113,Elder Brother,0,0,0,0,0.5,0.5,1,0,0,0,0,0,0,1,1,1,0
114,Eleyna Westerling,0,0,0,0,0.5,0.5,1,0,0,0,0,1,0,0,0,0,0
115,Ellaria Sand,0,115,186,0.61827957,0.639605372,0.360394628,1,0,0,0,0,0,1,0,1,0,0
116,Elyas Willum,0,0,0,0,0.5,0.5,1,0,0,0,0,1,0,0,0,1,0
117,Emmon Frey,0,0,0,0,0.5,0.5,1,0,0,1,0,0,1,0,1,1,0
118,Emrick,0,0,0,0,0.5,0.5,1,0,0,0,0,1,0,0,0,1,0
119,Elwood,1,0,0,0,0.5,0.5,1,0,0,0,0,1,0,1,0,1,0.22
120,Enger,0,0,0,0,0.5,0.5,1,0,0,0,0,1,1,1,0,1,0
121,Erik Ironmaker,0,0,0,0,0.5,0.5,1,0,0,1,0,0,0,0,0,1,0
122,Eroeh,1,0,0,0,0.5,0.5,1,0,0,0,0,0,0,0,0,1,0.16
123,Erryk (Guard),0,7,12,0.583333333,0.700900078,0.299099922,1,0,0,0,0,0,0,0,0,1,0
124,Ezzara,0,0,0,0,0.5,0.5,1,0,0,0,0,0,1,0,0,0,0
125,Falyse Stokeworth,1,19,38,0.5,0.701462256,0.298537744,0,0,0,0,0,1,0,1,1,0,0
126,Fat Walda Frey,0,32,59,0.542372881,0.728386322,0.271613678,1,0,0,0,0,1,0,0,1,0,0
127,Fletcher Will,1,0,0,0,0.5,0.5,1,0,0,0,0,0,1,0,1,1,0
128,Forley Prester,0,0,0,0,0.5,0.5,1,0,0,0,0,0,1,0,0,1,0
129,Frenken,0,0,0,0,0.5,0.5,1,0,0,0,1,0,1,0,0,1,0
130,Frynne,0,0,0,0,0.5,0.5,1,0,0,0,0,1,0,0,0,0,0
131,Galazza Galare,0,0,0,0,0.5,0.5,1,0,0,0,0,0,1,0,0,0,0
132,Gared,1,13,22,0.590909091,0.628815334,0.371184666,1,0,0,0,1,1,1,0,1,1,1.86
133,Gariss,0,0,0,0,0.5,0.5,1,0,0,0,0,1,1,0,0,1,0
134,Garrett Paege,0,0,0,0,0.5,0.5,1,0,0,0,0,1,1,1,0,1,0
135,Garth Greyfeather,1,0,0,0,0.5,0.5,1,0,0,0,0,0,0,1,0,1,0
136,Garth of Oldtown,1,0,0,0,0.5,0.5,1,0,0,0,0,0,0,1,1,1,0
137,Gelmarr,1,9,10,0.9,0.597721709,0.402278291,1,0,0,0,0,1,0,1,0,1,0.44
138,Genna Lannister,0,0,0,0,0.5,0.5,1,0,0,0,0,0,1,0,1,0,0
139,Gerold Dayne,0,0,0,0,0.5,0.5,1,0,0,0,0,0,1,1,1,1,0
140,Gerris Drinkwater,0,0,0,0,0.5,0.5,1,0,0,0,1,1,1,0,0,1,0
141,Ghael,0,0,0,0,0.5,0.5,1,0,0,0,0,0,1,0,0,1,0
142,Gillam,0,0,0,0,0.5,0.5,1,0,0,0,0,0,0,0,0,1,0
143,Gilwood Hunter,0,0,0,0,0.5,0.5,1,0,0,0,0,1,0,1,0,1,0
144,Glendon Hewett,0,0,0,0,0.5,0.5,1,0,0,0,0,1,0,0,0,1,0
145,Godric Borrell,0,0,0,0,0.5,0.5,1,0,0,0,0,0,1,0,0,1,0
146,Godwyn,0,6,10,0.6,0.834529419,0.165470581,1,0,0,0,0,0,0,1,0,1,2.07
147,Gormond Goodbrother,0,0,0,0,0.5,0.5,1,0,0,0,0,1,1,1,0,1,0
148,Gran Goodbrother,0,0,0,0,0.5,0.5,1,0,0,0,0,1,0,1,1,1,0
149,Grazdan mo Eraz,0,19,53,0.358490566,0.692694589,0.307305411,1,0,0,0,0,1,0,1,1,1,0
150,Grazdan zo Galare,0,0,0,0,0.5,0.5,1,0,0,0,0,1,0,1,1,1,0
151,Gregor Clegane,1,150,296,0.506756757,0.333443213,0.666556787,1,0,0,0,1,1,1,0,1,1,0
152,Grey Worm,0,96,156,0.615384615,0.656650875,0.343349125,1,0,0,0,1,0,1,1,1,1,0
153,Grigg,0,0,0,0,0.5,0.5,1,0,0,0,0,1,0,0,0,1,0
154,Groleo,1,0,0,0,0.5,0.5,1,0,0,0,0,1,1,0,0,1,0.1
155,Grunt,0,0,0,0,0.5,0.5,1,0,0,0,0,1,1,0,0,1,0.16
156,Guncer Sunglass,1,0,0,0,0.5,0.5,1,0,0,0,0,1,1,0,0,1,0
157,Gwin Goodbrother,0,0,0,0,0.5,0.5,1,0,0,0,0,1,0,1,0,0,0
158,Gyles Farwynd,0,0,0,0,0.5,0.5,1,0,0,0,0,1,0,1,0,1,0
159,Gyles Rosby,1,12,19,0.631578947,0.90594257,0.09405743,1,0,0,0,0,0,1,1,0,1,0
160,Gysella Goodbrother,0,0,0,0,0.5,0.5,1,0,0,0,0,1,0,1,0,0,0
161,Hairy Hal,1,0,0,0,0.5,0.5,1,0,0,0,0,0,0,0,1,1,0
162,Halder,0,6,11,0.545454545,0.658098764,0.341901236,1,0,0,0,0,1,1,1,0,1,0.87
163,Hali,1,0,0,0,0.5,0.5,1,0,0,0,0,0,1,1,1,0,0
164,Hallyne,0,33,50,0.66,0.646730494,0.353269506,1,0,0,0,1,0,1,1,1,1,0.43
165,Hamish the Harper,1,0,0,0,0.5,0.5,1,0,0,0,1,0,1,1,1,1,0
166,Harghaz,1,0,0,0,0.5,0.5,1,0,0,0,0,0,0,0,0,1,0.13
167,Harmund Sharp,0,0,0,0,0.5,0.5,1,0,0,0,1,0,0,0,0,1,0
168,Harra,1,0,0,0,0.5,0.5,1,0,0,0,0,0,1,0,0,0,0
169,Harras Harlaw,0,0,0,0,0.5,0.5,1,0,0,0,0,1,0,1,0,1,0
170,Hazzea,1,4,9,0.444444444,0.636041555,0.363958445,1,0,0,0,0,0,0,0,0,0,0
171,Harry Strickland,0,8,18,0.444444444,0.69478893,0.30521107,1,0,0,0,0,1,1,1,0,1,0
172,Harwood Stout,0,0,0,0,0.5,0.5,1,0,0,0,0,1,1,0,0,1,0
173,Harys Swyft,0,22,37,0.594594595,0.740310603,0.259689397,1,0,0,0,1,1,1,1,0,1,0
174,Henly (Maester),0,0,0,0,0.5,0.5,1,0,0,0,1,1,1,0,0,1,0
175,High Sparrow,0,75,164,0.457317073,0.788206447,0.211793553,1,0,0,0,0,0,0,0,1,1,0
176,Hobber Redwyne,0,0,0,0,0.5,0.5,1,0,0,0,0,0,1,1,1,1,0
177,Hodor,0,82,156,0.525641026,0.615272808,0.384727192,1,0,0,0,1,1,1,0,1,1,0.4
178,Holly,1,0,0,0,0.5,0.5,1,0,0,0,0,1,1,0,0,0,0.78
179,Horas Redwyne,0,0,0,0,0.5,0.5,1,0,0,0,1,1,1,1,1,1,0
180,Hosteen Frey,0,0,0,0,0.5,0.5,1,0,0,0,1,1,1,0,1,1,0
181,Hot Pie,0,68,146,0.465753425,0.665251227,0.334748773,1,0,0,1,1,0,1,1,1,1,0
182,Howd Wanderer,0,0,0,0,0.5,0.5,1,0,0,0,0,0,0,0,1,1,0
183,Hugh,1,17,20,0.85,0.732359724,0.267640276,1,0,0,0,1,1,1,0,1,1,0.38
184,Hullen,1,0,0,0,0.5,0.5,1,0,0,0,0,1,1,0,0,1,0
185,Husband,0,0,0,0,0.5,0.5,1,0,0,0,1,0,1,0,0,1,0.66
186,Iggo,1,2,3,0.666666667,0.381739813,0.618260187,1,0,0,0,0,1,1,1,0,1,3.61
187,Ilyn Payne,0,41,71,0.577464789,0.76854436,0.23145564,1,0,0,0,0,1,1,1,1,1,0
188,Iron Emmett,0,0,0,0,0.5,0.5,1,0,0,0,0,0,1,0,1,1,0
189,Ithoke,0,0,0,0,0.5,0.5,1,0,0,0,0,1,0,0,0,1,0
190,Jack Bulwer,1,5,15,0.333333333,0.573411519,0.426588481,1,0,0,0,0,1,1,1,1,1,0
191,Jacks,0,3,5,0.6,0.957357928,0.042642072,1,0,0,0,0,1,1,1,1,1,0.67
192,Jaime Lannister,0,579,855,0.677192982,0.726185288,0.273814712,1,0,0,0,1,0,1,0,1,1,0
193,Janna Tyrell,0,0,0,0,0.5,0.5,1,0,0,0,0,1,0,0,1,0,0
194,Jaqen H'ghar,0,77,166,0.463855422,0.705940611,0.294059389,1,0,0,0,0,1,1,0,1,1,0
195,Jaremy Rykker,1,10,18,0.555555556,0.557794763,0.442205237,1,0,0,0,1,0,1,1,0,1,0
196,Jarman Buckwell,1,0,0,0,0.5,0.5,1,0,0,0,0,1,1,1,0,1,0
197,Jate,0,0,0,0,0.5,0.5,1,0,0,0,0,1,0,0,0,1,0
198,Jeor Mormont,1,42,139,0.302158273,0.725969741,0.274030259,1,0,0,0,0,1,1,0,1,1,0
199,Jeyne Poole,0,37,71,0.521126761,0.780699308,0.219300692,0,0,0,0,0,0,1,0,1,0,0
200,Jhaqo,0,11,16,0.6875,0.678452465,0.321547535,1,0,0,0,1,1,0,0,1,1,1.98
201,Jhiqui,0,13,20,0.65,0.70114978,0.29885022,1,0,0,0,1,0,1,0,0,0,0.83
202,Jocelyn Swyft,0,0,0,0,0.5,0.5,1,0,0,1,1,0,1,1,0,0,0
203,Jojen Reed,0,51,94,0.542553191,0.660485874,0.339514126,1,0,0,0,0,1,1,1,1,1,0
204,Jon Bettley,0,0,0,0,0.5,0.5,1,0,0,0,0,1,0,1,1,1,0
205,Jon Fossoway,0,0,0,0,0.5,0.5,1,0,0,1,0,1,1,1,1,1,0
206,Jon Umber (Greatjon),0,33,61,0.540983607,0.766157239,0.233842761,1,0,0,1,0,1,1,1,1,1,0
207,Jon Umber (Smalljon),1,33,61,0.540983607,0.766157239,0.233842761,1,0,0,1,0,1,1,1,1,1,0
208,Jonos Bracken,0,14,31,0.451612903,0.839525267,0.160474733,1,0,0,0,0,1,1,0,1,1,0
209,Jory Cassel,1,26,39,0.666666667,0.759136099,0.240863901,1,0,0,1,1,1,0,0,1,1,0
210,Joseth,0,0,0,0,0.5,0.5,1,0,0,0,0,0,1,1,0,1,0.63
211,Joss,0,5,13,0.384615385,0.863995616,0.136004384,1,0,0,0,0,1,0,1,0,1,2.03
212,Josua Willum,0,0,0,0,0.5,0.5,1,0,0,0,0,1,0,0,0,1,0
213,Joyeuse Erenford,0,12,27,0.444444444,0.707592996,0.292407004,1,0,0,0,0,1,0,0,1,0,0
214,Jyck,1,0,0,0,0.5,0.5,1,0,0,0,1,1,1,0,0,1,0
215,Karyl Vance,0,0,0,0,0.5,0.5,1,0,0,0,0,0,1,1,0,1,0
216,Kella,0,0,0,0,0.5,0.5,1,0,0,0,0,0,0,0,0,0,0
217,Ketter,0,0,0,0,0.5,0.5,1,0,0,0,0,0,0,0,0,1,0
218,Kerwin,1,0,0,0,0.5,0.5,1,0,0,0,0,1,0,0,0,1,0.12
219,Kezmya,0,0,0,0,0.5,0.5,1,0,0,0,0,0,1,0,0,0,0
220,Khrazz,1,0,0,0,0.5,0.5,1,0,0,0,1,0,1,0,0,1,0.08
221,Kojja Mo,0,0,0,0,0.5,0.5,1,0,0,0,0,0,0,1,1,0,0
222,Kraznys mo Nakloz,1,27,49,0.551020408,0.704436978,0.295563022,1,0,0,0,0,0,0,1,1,1,0
223,Kurleket,1,8,22,0.363636364,0.546755532,0.453244468,1,0,0,0,0,1,1,1,0,1,0.41
224,Kyle (Banners),1,0,0,0,0.5,0.5,1,0,0,0,0,1,1,1,0,1,0
225,Lady of the Leaves,0,0,0,0,0.5,0.5,1,0,0,0,0,1,1,1,1,0,0
226,Lamprey,0,0,0,0,0.5,0.5,1,0,0,0,0,1,1,0,0,1,0.38
227,Lanna (Happy Port),0,0,0,0,0.5,0.5,1,0,0,0,0,1,1,0,0,0,0
228,Larra Blackmont,0,0,0,0,0.5,0.5,1,0,0,0,0,0,0,0,0,0,0
229,Leathers,0,0,0,0,0.5,0.5,1,0,0,0,0,0,1,0,0,1,0.25
230,Lem,0,12,23,0.52173913,0.962517654,0.037482346,1,0,0,0,1,0,1,1,1,1,1.18
231,Lenwood Tawney,0,0,0,0,0.5,0.5,1,0,0,0,0,1,0,0,0,1,0
232,Leo Tyrell,0,0,0,0,0.5,0.5,1,0,0,0,0,1,0,0,1,1,0
233,Leona Woolfield,0,0,0,0,0.5,0.5,1,0,0,0,0,1,0,0,0,0,0
234,Lew,0,0,0,0,0.5,0.5,1,0,0,0,0,1,1,1,0,1,0
235,Lewys Lydden,0,0,0,0,0.5,0.5,1,0,0,0,0,1,0,0,0,1,0
236,Lharys,1,0,0,0,0.5,0.5,1,0,0,0,0,0,0,0,0,1,0.24
237,Lollys Stokeworth,0,23,35,0.657142857,0.652333048,0.347666952,0,0,0,0,0,0,1,1,1,0,0
238,Loras Tyrell,0,194,311,0.623794212,0.708379144,0.291620856,1,0,0,0,0,1,1,0,1,1,0
239,Lord of Bones,1,16,30,0.533333333,0.58083049,0.41916951,1,0,0,0,0,1,1,1,1,1,0
240,Lorren,1,17,25,0.68,0.678379018,0.321620982,1,0,0,0,0,1,1,1,1,1,0.87
241,Lothor Brune,0,12,25,0.48,0.773695617,0.226304383,1,0,0,0,0,1,1,1,0,1,0
242,Lucas Blackwood,1,0,0,0,0.5,0.5,1,0,0,0,0,0,0,0,1,1,0
243,Lucias Vypren,0,0,0,0,0.5,0.5,1,0,0,0,0,1,1,0,0,1,0
244,Luke of Longtown,0,0,0,0,0.5,0.5,1,0,0,0,0,1,1,1,1,1,0
245,Luwin,1,59,101,0.584158416,0.676694725,0.323305275,1,0,0,1,1,1,1,1,1,1,0.32
246,Lyman Darry,1,0,0,0,0.5,0.5,1,0,0,0,0,1,0,1,0,1,0
247,Lymond Lychester,0,0,0,0,0.5,0.5,1,0,0,0,0,1,0,1,0,1,0
248,Lyonel,0,0,0,0,0.5,0.5,1,0,0,1,0,1,1,1,0,1,0.4
249,Lysono Maar,0,0,0,0,0.5,0.5,1,0,0,0,0,1,1,0,0,1,0
250,Mad Huntsman,0,0,0,0,0.5,0.5,1,0,0,0,1,0,0,0,1,1,0
251,Maerie (Goodwife),1,0,0,0,0.5,0.5,1,0,0,0,1,0,0,0,0,0,0
252,Mag Mar Tun Doh Weg,1,0,0,0,0.5,0.5,1,0,0,0,0,1,0,0,1,1,0
253,Mallador Locke,1,0,0,0,0.5,0.5,1,0,0,0,0,1,0,1,1,1,0
254,Mallor,0,0,0,0,0.5,0.5,1,0,0,0,0,1,1,0,0,1,0.19
255,Mandon Moore,1,34,52,0.653846154,0.735206419,0.264793581,1,0,0,0,0,1,1,1,1,1,0
256,Marei,0,30,52,0.576923077,0.629534642,0.370465358,1,0,0,0,0,0,1,1,1,0,0.5
257,Marillion,1,25,52,0.480769231,0.607732343,0.392267657,1,0,0,1,1,1,1,1,1,1,0.41
258,Marissa Frey,0,0,0,0,0.5,0.5,1,0,0,0,0,1,0,0,1,0,0
259,Mark Mullendore,0,0,0,0,0.5,0.5,1,0,0,0,0,1,0,0,0,1,0
260,Maron Volmark,0,0,0,0,0.5,0.5,1,0,0,0,0,1,1,1,0,1,0
261,Martyn Rivers,0,0,0,0,0.5,0.5,1,0,0,0,0,1,0,1,1,1,0
262,Marwyn Belmore,0,0,0,0,0.5,0.5,1,0,0,0,0,1,1,0,0,1,0
263,Maslyn,1,0,0,0,0.5,0.5,1,0,0,0,0,0,0,0,0,1,0
264,Mathos Mallarawan,0,0,0,0,0.5,0.5,1,0,0,0,0,0,0,0,0,1,0
265,Matthos Seaworth,1,38,89,0.426966292,0.718164833,0.281835167,1,0,0,0,0,1,0,0,1,1,0
266,Mawney,1,0,0,0,0.5,0.5,1,0,0,0,0,1,0,0,0,1,0
267,Medger Cerwyn,1,11,23,0.47826087,0.818940747,0.181059253,1,0,0,0,0,1,0,1,1,1,0
268,Megga Tyrell,0,0,0,0,0.5,0.5,1,0,0,0,1,1,0,0,1,0,0
269,Mela,0,0,0,0,0.5,0.5,1,0,0,1,0,1,1,0,0,0,0
270,Meliana,0,0,0,0,0.5,0.5,1,0,0,0,0,0,1,0,0,0,0
271,Mellei,0,0,0,0,0.5,0.5,1,0,0,0,0,0,1,0,0,0,0
272,Meredyth Crane,0,0,0,0,0.5,0.5,1,0,0,0,0,0,0,0,1,0,0
273,Merlon Crakehall,0,0,0,0,0.5,0.5,1,0,0,0,0,1,0,1,0,1,0
274,Merrett Frey,1,0,0,0,0.5,0.5,1,0,0,0,0,1,1,0,1,1,0
275,Mezzara,0,0,0,0,0.5,0.5,1,0,0,0,0,1,1,0,0,0,0
276,Miklaz,0,0,0,0,0.5,0.5,1,0,0,0,0,0,1,0,0,1,0
277,Missandei,0,146,238,0.613445378,0.711153452,0.288846548,1,0,0,0,1,0,1,1,1,0,0.39
278,Mollander,0,0,0,0,0.5,0.5,1,0,0,0,1,0,1,0,0,1,0
279,Monster,0,0,0,0,0.5,0.5,1,0,0,0,0,1,1,1,0,1,0.17
280,Moqorro,0,0,0,0,0.5,0.5,1,0,0,0,0,0,1,0,0,1,0.65
281,Mordane,1,26,46,0.565217391,0.756152241,0.243847759,1,0,0,0,1,0,1,0,1,0,0.27
282,Morgarth,0,0,0,0,0.5,0.5,1,0,0,0,0,1,0,0,0,1,0
283,Moro,0,19,28,0.678571429,0.704367309,0.295632691,1,0,0,0,0,1,1,0,1,1,2.1
284,Morrec,1,0,0,0,0.5,0.5,1,0,0,0,1,0,0,0,0,1,0
285,Mors Manwoody,0,0,0,0,0.5,0.5,1,0,0,0,0,1,0,1,1,1,0
286,Morton Waynwood,0,0,0,0,0.5,0.5,1,0,0,0,0,0,0,0,0,1,0
287,Mully,0,3,10,0.3,0.503665389,0.496334611,1,0,0,1,0,1,1,1,0,1,1.59
288,Murch,0,0,0,0,0.5,0.5,1,1,1,0,0,1,0,0,0,1,0
289,Mossador,1,14,20,0.7,0.75487513,0.24512487,1,1,1,0,0,0,0,1,1,1,0.87
290,Muttering Bill,1,0,0,0,0.5,0.5,1,1,1,0,0,1,0,1,0,1,0
291,Mycah,1,8,15,0.533333333,0.726001942,0.273998058,1,1,1,0,1,0,1,1,0,1,0.69
292,Myles Manwoody,0,0,0,0,0.5,0.5,1,1,1,0,0,1,0,1,0,1,0
293,Myrcella Baratheon,0,129,215,0.6,0.698764176,0.301235824,0,1,1,0,0,0,1,0,1,0,0
294,Myrtle,1,0,0,0,0.5,0.5,1,1,1,0,0,0,0,0,0,0,0
295,Myles,1,0,0,0,0.5,0.5,1,1,1,0,1,1,1,0,0,1,0.34
296,Narbert,0,0,0,0,0.5,0.5,1,1,1,0,0,0,1,0,0,1,0
297,Nolla,1,0,0,0,0.5,0.5,1,1,1,0,0,0,1,0,0,0,0
298,Nurse,1,0,0,0,0.5,0.5,1,1,1,1,0,1,1,0,0,1,0.05
299,Nute,0,0,0,0,0.5,0.5,1,1,1,0,0,0,1,0,0,1,0
300,Nymeria Sand,0,49,107,0.457943925,0.670196592,0.329803408,1,1,1,0,0,0,0,0,1,0,0
301,Oberyn Martell,1,127,187,0.679144385,0.734046072,0.265953928,1,1,1,0,1,1,1,1,1,1,0
302,Old Henly,1,0,0,0,0.5,0.5,1,1,1,0,0,1,0,1,1,1,0
303,Ollo Lophand,1,0,0,0,0.5,0.5,1,1,1,0,0,1,1,1,0,1,0
304,Ondrew Locke,0,0,0,0,0.5,0.5,1,1,1,0,0,1,0,1,1,1,0
305,Orell,1,20,30,0.666666667,0.575122207,0.424877793,1,1,1,0,1,0,0,1,1,1,0.48
306,Orton Merryweather,0,0,0,0,0.5,0.5,1,1,1,0,0,1,1,0,0,1,0
307,Osha,0,69,153,0.450980392,0.660168637,0.339831363,1,1,1,0,1,0,1,1,1,0,0.21
308,Osney Kettleblack,0,0,0,0,0.5,0.5,1,1,1,0,1,1,1,1,0,1,0
309,Oswell Kettleblack,0,0,0,0,0.5,0.5,1,1,1,0,0,1,0,1,0,1,0
310,Ottyn Wythers,1,0,0,0,0.5,0.5,1,1,1,0,0,0,0,0,0,1,0
311,Owen Norrey,1,0,0,0,0.5,0.5,1,1,1,0,0,1,0,1,1,1,0
312,Palla,0,9,16,0.5625,0.759981191,0.240018809,0,1,1,0,1,0,1,0,0,0,0
313,Patchface,0,0,0,0,0.5,0.5,1,1,1,0,1,1,1,0,0,1,0.73
314,Pate (Lancewood),1,0,0,0,0.5,0.5,1,1,1,0,1,1,1,0,0,1,0
315,Pate (Old),0,0,0,0,0.5,0.5,1,1,1,0,1,1,1,0,0,1,0
316,Patrek Mallister,0,0,0,0,0.5,0.5,1,1,1,0,0,1,1,0,1,1,0
317,Pello,0,0,0,0,0.5,0.5,1,1,1,0,0,0,0,0,0,1,0
318,Perros Blackmont,0,0,0,0,0.5,0.5,1,1,1,0,0,1,0,0,0,1,0
319,Petyr Baelish,0,133,484,0.274793388,0.735874736,0.264125264,1,1,1,1,0,1,1,0,1,1,0
320,Philip Foote,0,0,0,0,0.5,0.5,1,1,1,0,0,1,1,0,0,1,0
321,Podrick Payne,0,124,207,0.599033816,0.706282381,0.293717619,1,1,1,0,1,1,1,1,1,1,0
322,Pono,0,11,12,0.916666667,0.685285346,0.314714654,1,1,1,0,0,0,0,1,1,1,2.16
323,Porther,1,0,0,0,0.5,0.5,1,1,1,0,0,1,1,0,0,1,0
324,Poxy Tym,1,0,0,0,0.5,0.5,1,1,1,0,0,0,0,0,0,1,0
325,Prendahl na Ghezn,1,8,20,0.4,0.514484626,0.485515374,1,1,1,0,0,1,1,1,1,1,0
326,Pyat Pree,0,24,62,0.387096774,0.663085047,0.336914953,1,1,1,0,0,0,1,0,1,1,0
327,Pyg,1,0,0,0,0.5,0.5,1,1,1,0,0,1,0,0,0,1,0.38
328,Pypar,0,24,58,0.413793103,0.747830398,0.252169602,1,1,1,0,0,1,1,0,1,1,0.47
329,Qarl the Maid,0,0,0,0,0.5,0.5,1,1,1,0,0,1,1,1,1,1,0
330,Qhorin Halfhand,1,30,63,0.476190476,0.664324586,0.335675414,1,1,1,0,1,1,1,0,1,1,0
331,Quaithe,0,25,52,0.480769231,0.635825687,0.364174313,1,1,1,0,0,1,1,0,1,0,0.52
332,Quellon Humble,0,0,0,0,0.5,0.5,1,1,1,0,1,1,1,1,0,1,0
333,Quenten Banefort,0,0,0,0,0.5,0.5,1,1,1,0,0,1,0,0,0,1,0
334,Quhuru Mo,0,0,0,0,0.5,0.5,1,1,1,0,0,1,1,1,1,1,0
335,Quort,1,0,0,0,0.5,0.5,1,1,1,0,0,1,0,0,0,1,0
336,Rafford,0,0,0,0,0.5,0.5,1,1,1,0,0,1,0,0,0,1,0.14
337,Ragwyle,0,0,0,0,0.5,0.5,1,1,1,0,0,0,0,0,0,0,0
338,Ralf Kenning,1,5,43,0.11627907,0.541306624,0.458693376,1,1,1,0,0,1,1,1,0,1,0
339,Ralf the Limper,0,0,0,0,0.5,0.5,1,1,1,0,0,1,1,1,1,1,0
340,Randa,1,0,0,0,0.5,0.5,1,1,1,0,0,0,0,0,1,0,0
341,Rast,1,50,85,0.588235294,0.704021591,0.295978409,1,1,1,0,1,0,1,1,1,1,1.87
342,Raymar Royce,0,0,0,0,0.5,0.5,1,1,1,0,0,1,1,0,1,1,0
343,Raymund Frey,0,0,0,0,0.5,0.5,1,1,1,0,0,1,0,0,1,1,0
344,Red Alyn,1,0,0,0,0.5,0.5,1,1,1,0,0,1,0,1,1,1,0
345,Reek,1,346,563,0.614564831,0.726186719,0.273813281,1,1,1,1,1,0,1,0,0,1,1.02
346,Reysen,0,0,0,0,0.5,0.5,1,1,1,0,0,0,1,0,0,1,0
347,Rhaegar Frey,1,0,0,0,0.5,0.5,1,1,1,0,0,1,1,0,1,1,0
348,Ricasso,0,0,0,0,0.5,0.5,1,1,1,0,0,1,1,0,0,1,0
349,Rickard Karstark,1,41,74,0.554054054,0.796500285,0.203499715,1,1,1,0,1,1,1,0,1,1,0
350,Rickon Stark,0,79,165,0.478787879,0.67609723,0.32390277,1,1,1,0,0,1,0,0,1,1,0
351,Robar Royce,1,11,31,0.35483871,0.651215663,0.348784337,1,1,1,0,0,1,1,0,1,1,0
352,Robert Baratheon,1,163,243,0.670781893,0.781341236,0.218658764,1,1,1,1,1,1,1,1,1,1,0
353,Robett Glover,0,25,67,0.373134328,0.772870995,0.227129005,1,1,1,0,1,1,1,0,1,1,0
354,Robin Moreland,0,0,0,0,0.5,0.5,1,1,1,0,0,1,0,1,1,1,0
355,Rodrik Cassel,1,59,114,0.51754386,0.730126705,0.269873295,1,1,1,0,0,1,1,1,1,1,0
356,Rodrik Ryswell,0,0,0,0,0.5,0.5,1,1,1,0,0,0,0,1,1,1,0
357,Roger Ryswell,0,0,0,0,0.5,0.5,1,1,1,0,0,1,0,1,0,1,0
358,Rolder,0,0,0,0,0.5,0.5,1,1,1,0,0,1,0,0,0,1,0
359,Rollam Westerling,0,0,0,0,0.5,0.5,1,1,1,0,0,1,0,0,0,1,0
360,Rolley,1,0,0,0,0.5,0.5,1,1,1,0,1,0,0,0,0,1,0
361,Rolph Spicer,0,0,0,0,0.5,0.5,1,1,1,0,0,1,0,0,0,1,0
362,Ronald Storm,0,0,0,0,0.5,0.5,1,1,1,0,0,1,0,0,1,1,0
363,Ronnet Connington,0,0,0,0,0.5,0.5,1,1,1,0,0,1,0,1,0,1,0
364,Roose Ryswell,0,0,0,0,0.5,0.5,1,1,1,0,0,1,1,0,1,1,0
365,Roslin Frey,0,28,44,0.636363636,0.735856352,0.264143648,1,1,1,1,0,1,1,0,1,0,0
366,Rudge,0,0,0,0,0.5,0.5,1,1,1,0,0,1,0,0,0,1,0
367,Ryger Rivers,0,9,13,0.692307692,0.658471686,0.341528314,1,1,1,0,0,1,0,1,1,1,0
368,Rupert Brax,1,0,0,0,0.5,0.5,1,1,1,0,0,1,0,1,0,1,0
369,Rymolf Stormdrunk,0,0,0,0,0.5,0.5,1,1,1,0,0,1,0,0,0,1,0
370,Salladhor Saan,0,53,94,0.563829787,0.689640686,0.310359314,1,1,1,0,1,1,1,1,1,1,0
371,Samwell Tarly,0,39,426,0.091549296,0.6590983,0.3409017,1,1,1,0,0,1,1,0,1,1,0
372,Sawane Botley,1,0,0,0,0.5,0.5,1,1,1,0,0,1,1,1,0,1,0
373,Sarella Sand,0,13,20,0.65,0.634960665,0.365039335,0,1,1,0,0,1,0,0,1,0,0
374,Satin,0,0,0,0,0.5,0.5,1,1,1,0,1,1,1,0,0,1,0.21
375,Sedgekins,0,0,0,0,0.5,0.5,1,1,1,0,0,1,0,0,0,1,0
376,Senelle,1,0,0,0,0.5,0.5,1,1,1,0,0,0,1,0,0,0,0
377,Shadrich,0,0,0,0,0.5,0.5,1,1,1,0,1,1,1,0,0,1,0.2
378,Shagga,0,30,53,0.566037736,0.75212569,0.24787431,1,1,1,0,1,0,1,1,1,1,0.42
379,Sharna,0,0,0,0,0.5,0.5,1,1,1,0,0,1,0,0,0,0,0
380,Shirei Frey,0,7,12,0.583333333,0.577910516,0.422089484,0,1,1,0,0,1,0,0,1,0,0
381,Sigfry Stonetree,0,0,0,0,0.5,0.5,1,1,1,0,0,1,0,0,0,1,0
382,Skinner,0,0,0,0,0.5,0.5,1,1,1,0,1,1,1,0,0,1,0.11
383,Softfoot,1,0,0,0,0.5,0.5,1,1,1,0,0,1,0,0,0,1,0
384,Spare Boot,0,0,0,0,0.5,0.5,1,1,1,0,0,0,0,0,0,1,0
385,Spotted Pate of Maidenpool,1,0,0,0,0.5,0.5,1,1,1,0,0,0,0,1,1,1,0
386,Squirrel,1,0,0,0,0.5,0.5,1,1,1,0,1,0,1,0,0,0,0.13
387,Steelskin,0,0,0,0,0.5,0.5,1,1,1,0,0,0,1,0,0,1,0
388,Stevron Frey,1,20,34,0.588235294,0.718612487,0.281387513,1,1,1,0,0,1,1,0,1,1,0
389,Stone Thumbs,1,0,0,0,0.5,0.5,1,1,1,0,0,1,0,1,1,1,0
390,Stygg,0,7,14,0.5,0.717452694,0.282547306,1,1,1,0,1,1,0,1,0,1,1.58
391,Sybassion,0,0,0,0,0.5,0.5,1,1,1,0,0,0,0,0,0,1,0
392,Sybelle Glover,0,14,27,0.518518519,0.701398965,0.298601035,0,1,1,0,0,0,0,0,1,0,0
393,Symon Silver Tongue,1,0,0,0,0.5,0.5,1,1,1,0,0,1,1,0,1,1,0
394,Symond Frey,1,0,0,0,0.5,0.5,1,1,1,0,0,1,0,0,1,1,0
395,Syrio Forel,1,52,83,0.626506024,0.732762444,0.267237556,1,1,1,0,0,1,1,0,1,1,0
396,Tal Toraq,0,0,0,0,0.5,0.5,1,1,1,0,0,1,0,1,1,1,0
397,Tanda Stokeworth,1,12,36,0.333333333,0.617454789,0.382545211,1,1,1,0,0,1,0,1,1,0,0
398,Ternesio Terys,0,8,23,0.347826087,0.635743376,0.364256624,1,1,1,0,0,1,0,0,0,1,0
399,The Red Lamb,0,0,0,0,0.5,0.5,1,1,1,0,0,1,0,1,1,1,0
400,Theodan Wells,0,0,0,0,0.5,0.5,1,1,1,0,0,1,0,0,0,1,0
401,Theon Greyjoy,0,346,563,0.614564831,0.726186719,0.273813281,1,1,1,0,1,1,1,1,1,1,0
402,Thoren Smallwood,1,0,0,0,0.5,0.5,1,1,1,0,0,1,1,1,0,1,0
403,Three Toes,0,0,0,0,0.5,0.5,1,1,1,0,0,1,0,1,1,1,0
404,Tickler,1,14,51,0.274509804,0.52004395,0.47995605,1,1,1,0,1,0,1,1,1,1,0.47
405,Timeon,1,0,0,0,0.5,0.5,1,1,1,0,0,1,1,0,0,1,0.38
406,Timon,0,0,0,0,0.5,0.5,1,1,1,0,0,1,0,0,0,1,0
407,Tobho Mott,0,9,27,0.333333333,0.805814776,0.194185224,1,1,1,0,0,1,1,1,1,1,0
408,Todric,1,0,0,0,0.5,0.5,1,1,1,0,1,1,0,0,0,1,0
409,Tomard,1,5,13,0.384615385,0.685177807,0.314822193,1,1,1,0,1,1,1,1,0,1,1.45
410,Torrek,0,0,0,0,0.5,0.5,1,1,1,0,0,0,0,0,0,1,0
411,Tothmure,1,0,0,0,0.5,0.5,1,1,1,0,0,1,1,0,0,1,0
412,Tremond Gargalen,0,0,0,0,0.5,0.5,1,1,1,0,0,1,1,1,0,1,0
413,Triston Sunderland,0,0,0,0,0.5,0.5,1,1,1,0,0,0,0,0,0,1,0
414,Tumberjon,0,0,0,0,0.5,0.5,1,1,1,0,0,0,0,0,0,1,0
415,Tybero Istarion,0,0,0,0,0.5,0.5,1,1,1,0,0,1,0,0,0,1,0
416,Tyene Sand,0,69,135,0.511111111,0.647787191,0.352212809,0,1,1,0,0,0,0,0,1,0,0
417,Tyrek Lannister,1,0,0,0,0.5,0.5,1,1,1,0,0,1,1,0,1,1,0
418,Tyta Frey,0,0,0,0,0.5,0.5,1,1,1,0,0,1,0,0,1,0,0
419,Tytos Brax,0,0,0,0,0.5,0.5,1,1,1,0,0,1,0,1,1,1,0
420,Tywin Lannister,1,280,463,0.60475162,0.760279448,0.239720552,1,1,1,1,1,1,1,0,1,1,0
421,Ulf the Ill,1,0,0,0,0.5,0.5,1,1,1,1,1,1,1,1,1,1,0
422,Ulwyck Uller,0,0,0,0,0.5,0.5,1,1,1,0,0,1,0,1,1,1,0
423,Umfred,0,0,0,0,0.5,0.5,1,1,1,0,0,1,0,0,0,1,0
424,Urreg,1,0,0,0,0.5,0.5,1,1,1,0,0,0,0,0,0,1,0
425,Utherydes Wayn,0,0,0,0,0.5,0.5,1,1,1,0,0,1,1,1,0,1,0
426,Val,0,0,0,0,0.5,0.5,1,1,1,1,1,1,1,0,1,0,0.16
427,Vardis Egen,1,15,28,0.535714286,0.658743312,0.341256688,1,1,1,0,0,1,0,0,1,1,0
428,Varys,0,234,383,0.610966057,0.743789993,0.256210007,1,1,1,1,1,1,1,0,1,1,0.28
429,Victarion Greyjoy,0,25,196,0.12755102,0.753092089,0.246907911,1,1,1,0,0,1,1,1,1,1,0
430,Vylarr,0,0,0,0,0.5,0.5,1,1,1,0,0,1,1,0,0,1,0
431,Waif,0,50,95,0.526315789,0.825069886,0.174930114,1,1,1,0,0,1,0,0,1,0,0.76
432,Walder Frey,0,73,115,0.634782609,0.725548687,0.274451313,1,1,1,0,1,1,1,0,1,1,0
433,Wallen,1,7,10,0.7,0.546885703,0.453114297,1,1,1,0,0,1,0,1,0,1,0.98
434,Wat (orphan),0,0,0,0,0.5,0.5,1,1,1,0,0,1,0,1,1,1,0
435,Watt,1,0,0,0,0.5,0.5,1,1,1,0,0,1,0,0,0,1,1.12
436,Waymar Royce,1,15,32,0.46875,0.698929985,0.301070015,1,1,1,0,1,1,1,0,1,1,0
437,Weasel,0,8,15,0.533333333,0.357336726,0.642663274,1,1,1,0,1,0,1,1,0,0,1.21
438,Weese,1,0,0,0,0.5,0.5,1,1,1,0,1,1,1,0,0,1,0.31
439,Wendello Qar Deeth,0,0,0,0,0.5,0.5,1,1,1,0,0,0,0,0,1,1,0
440,Wex Pyke,0,0,0,0,0.5,0.5,1,1,1,0,0,1,0,0,1,1,0
441,Wilbert,1,0,0,0,0.5,0.5,1,1,1,0,1,1,0,0,0,1,0
442,Will (orphan),0,13,20,0.65,0.659934455,0.340065545,1,1,1,0,1,1,0,0,1,1,0
443,Willem Lannister,1,13,19,0.684210526,0.703010676,0.296989324,1,1,1,0,0,1,0,0,1,1,0
444,Willis Wode,0,9,24,0.375,0.532140376,0.467859624,1,1,1,0,0,1,0,0,0,1,0
445,Willow Witch-eye,1,0,0,0,0.5,0.5,1,1,1,0,0,1,0,0,0,0,0
446,Woth,1,0,0,0,0.5,0.5,1,1,1,0,0,0,0,0,0,1,0
447,Wun Weg Wun Dar Wun,0,0,0,0,0.5,0.5,1,1,1,0,0,0,0,0,1,1,0
448,Wyl the Whittler,1,0,0,0,0.5,0.5,1,1,1,0,0,0,0,1,1,1,0
449,Wylla Manderly,0,0,0,0,0.5,0.5,1,1,1,0,0,1,1,1,1,0,0
450,Wynafryd Manderly,0,0,0,0,0.5,0.5,1,1,1,0,0,1,0,1,1,1,0
451,Xaro Xhoan Daxos,0,49,101,0.485148515,0.752192901,0.247807099,1,1,1,0,0,1,1,1,1,1,0
452,Yandry,0,0,0,0,0.5,0.5,1,1,1,0,1,0,1,0,0,1,0
453,Ygon Farwynd,0,0,0,0,0.5,0.5,1,1,1,0,0,1,0,0,0,1,0
454,Yohn Farwynd,0,0,0,0,0.5,0.5,1,1,1,0,0,1,0,1,1,1,0
455,Yoren,1,49,100,0.49,0.698429624,0.301570376,1,1,1,0,1,1,1,0,1,1,0.23
456,Ysilla,0,0,0,0,0.5,0.5,1,1,1,0,0,1,0,0,0,1,0
457,Zollo,0,0,0,0,0.5,0.5,1,1,1,0,0,1,1,0,0,1,0.09
458,Yezzan Zo Qaggaz,1,0,0,0,0.5,0.5,1,1,1,0,0,1,0,1,1,1,0
459,Talbert Serry,1,0,0,0,0.5,0.5,1,1,1,0,0,0,0,0,0,1,0
